<?xml version="1.0"?>
<doc>
    <assembly>
        <name>MahApps.Metro.SimpleChildWindow</name>
    </assembly>
    <members>
        <member name="T:MahApps.Metro.SimpleChildWindow.ChildWindowManager">
            <summary>
            A static class to show ChildWindow's
            </summary>
        </member>
        <member name="T:MahApps.Metro.SimpleChildWindow.ChildWindowManager.OverlayFillBehavior">
            <summary>
            An enumeration to control the fill behavior of the behavior
            </summary>
        </member>
        <member name="F:MahApps.Metro.SimpleChildWindow.ChildWindowManager.OverlayFillBehavior.FullWindow">
            <summary>
            The overlay covers the full window
            </summary>
        </member>
        <member name="F:MahApps.Metro.SimpleChildWindow.ChildWindowManager.OverlayFillBehavior.WindowContent">
            <summary>
            The overlay covers only then window content, so the window title bar is useable
            </summary>
        </member>
        <member name="M:MahApps.Metro.SimpleChildWindow.ChildWindowManager.ShowChildWindowAsync(System.Windows.Window,MahApps.Metro.SimpleChildWindow.ChildWindow,MahApps.Metro.SimpleChildWindow.ChildWindowManager.OverlayFillBehavior)">
            <summary>
            Shows the given child window on the MetroWindow dialog container in an asynchronous way.
            </summary>
            <param name="window">The owning window with a container of the child window.</param>
            <param name="dialog">A child window instance.</param>
            <param name="overlayFillBehavior">The overlay fill behavior.</param>
            <returns>
            A task representing the operation.
            </returns>
            <exception cref="T:System.InvalidOperationException">
            The provided child window can not add, the container can not be found.
            or
            The provided child window is already visible in the specified window.
            </exception>
        </member>
        <member name="M:MahApps.Metro.SimpleChildWindow.ChildWindowManager.ShowChildWindowAsync``1(System.Windows.Window,MahApps.Metro.SimpleChildWindow.ChildWindow,MahApps.Metro.SimpleChildWindow.ChildWindowManager.OverlayFillBehavior)">
            <summary>
            Shows the given child window on the MetroWindow dialog container in an asynchronous way.
            When the dialog was closed it returns a result.
            </summary>
            <param name="window">The owning window with a container of the child window.</param>
            <param name="dialog">A child window instance.</param>
            <param name="overlayFillBehavior">The overlay fill behavior.</param>
            <returns>
            A task representing the operation.
            </returns>
            <exception cref="T:System.InvalidOperationException">
            The provided child window can not add, the container can not be found.
            or
            The provided child window is already visible in the specified window.
            </exception>
        </member>
        <member name="M:MahApps.Metro.SimpleChildWindow.ChildWindowManager.ShowChildWindowAsync(System.Windows.Window,MahApps.Metro.SimpleChildWindow.ChildWindow,System.Windows.Controls.Panel)">
            <summary>
            Shows the given child window on the given container in an asynchronous way.
            When the dialog was closed it returns a result.
            </summary>
            <param name="window">The owning window with a container of the child window.</param>
            <param name="dialog">A child window instance.</param>
            <param name="container">The container.</param>
            <returns></returns>
            <exception cref="T:System.InvalidOperationException">
            The provided child window can not add, there is no container defined.
            or
            The provided child window is already visible in the specified window.
            </exception>
        </member>
        <member name="M:MahApps.Metro.SimpleChildWindow.ChildWindowManager.ShowChildWindowAsync``1(System.Windows.Window,MahApps.Metro.SimpleChildWindow.ChildWindow,System.Windows.Controls.Panel)">
            <summary>
            Shows the given child window on the given container in an asynchronous way.
            </summary>
            <param name="window">The owning window with a container of the child window.</param>
            <param name="dialog">A child window instance.</param>
            <param name="container">The container.</param>
            <returns></returns>
            <exception cref="T:System.InvalidOperationException">
            The provided child window can not add, there is no container defined.
            or
            The provided child window is already visible in the specified window.
            </exception>
        </member>
        <member name="T:MahApps.Metro.SimpleChildWindow.Utils.SingletonBase`1">
            <summary>
            To recap, in order to create a singleton class using the singleton base class, you need to do the following:
            
            1) Define a sealed class which derives from SingletonBase[T], where T is the class name you are defining. It ensures that you cannot create subclasses from this singleton class.
            2) Define a single parameterless private constructor inside the class. It ensures that no instances of this class can be created externally.
            3) Access the class’ singleton instance and public members by calling the Instance property.
            
            got this implementation from http://liquidsilver.codeplex.com
            http://codebender.denniland.com/a-singleton-base-class-to-implement-the-singleton-pattern-in-c/
            
            also show http://www.yoda.arachsys.com/csharp/singleton.html
            
            </summary>
            <typeparam name="T"></typeparam>
        </member>
        <member name="M:MahApps.Metro.SimpleChildWindow.Utils.SingletonBase`1.#ctor">
            <summary>
            A protected constructor which is accessible only to the sub classes.
            </summary>
        </member>
        <member name="P:MahApps.Metro.SimpleChildWindow.Utils.SingletonBase`1.Instance">
            <summary>
            Gets the singleton instance of this class.
            </summary>
        </member>
        <member name="T:MahApps.Metro.SimpleChildWindow.Utils.SingletonBase`1.SingletonFactory">
            <summary>
            The singleton class factory to create the singleton instance.
            </summary>
        </member>
        <member name="T:MahApps.Metro.SimpleChildWindow.ChildWindow">
            <summary>
            A simple child window for MahApps.Metro.
            </summary>
        </member>
        <member name="F:MahApps.Metro.SimpleChildWindow.ChildWindow.AllowMoveProperty">
            <summary>
            Identifies the <see cref="P:MahApps.Metro.SimpleChildWindow.ChildWindow.AllowMove"/> dependency property.
            </summary>
        </member>
        <member name="F:MahApps.Metro.SimpleChildWindow.ChildWindow.IsModalProperty">
            <summary>
            Identifies the <see cref="P:MahApps.Metro.SimpleChildWindow.ChildWindow.IsModal"/> dependency property.
            </summary>
        </member>
        <member name="F:MahApps.Metro.SimpleChildWindow.ChildWindow.OverlayBrushProperty">
            <summary>
            Identifies the <see cref="P:MahApps.Metro.SimpleChildWindow.ChildWindow.OverlayBrush"/> dependency property.
            </summary>
        </member>
        <member name="F:MahApps.Metro.SimpleChildWindow.ChildWindow.CloseOnOverlayProperty">
            <summary>
            Identifies the <see cref="P:MahApps.Metro.SimpleChildWindow.ChildWindow.CloseOnOverlay"/> dependency property.
            </summary>
        </member>
        <member name="F:MahApps.Metro.SimpleChildWindow.ChildWindow.CloseByEscapeProperty">
            <summary>
            Identifies the <see cref="P:MahApps.Metro.SimpleChildWindow.ChildWindow.CloseByEscape"/> dependency property.
            </summary>
        </member>
        <member name="F:MahApps.Metro.SimpleChildWindow.ChildWindow.ShowTitleBarProperty">
            <summary>
            Identifies the <see cref="P:MahApps.Metro.SimpleChildWindow.ChildWindow.ShowTitleBar"/> dependency property.
            </summary>
        </member>
        <member name="F:MahApps.Metro.SimpleChildWindow.ChildWindow.TitleBarHeightProperty">
            <summary>
            Identifies the <see cref="P:MahApps.Metro.SimpleChildWindow.ChildWindow.TitleBarHeight"/> dependency property.
            </summary>
        </member>
        <member name="F:MahApps.Metro.SimpleChildWindow.ChildWindow.TitleBarBackgroundProperty">
            <summary>
            Identifies the <see cref="P:MahApps.Metro.SimpleChildWindow.ChildWindow.TitleBarBackground"/> dependency property.
            </summary>
        </member>
        <member name="F:MahApps.Metro.SimpleChildWindow.ChildWindow.TitleBarNonActiveBackgroundProperty">
            <summary>
            Identifies the <see cref="P:MahApps.Metro.SimpleChildWindow.ChildWindow.TitleBarNonActiveBackground"/> dependency property.
            </summary>
        </member>
        <member name="F:MahApps.Metro.SimpleChildWindow.ChildWindow.NonActiveBorderBrushProperty">
            <summary>
            Identifies the <see cref="P:MahApps.Metro.SimpleChildWindow.ChildWindow.NonActiveBorderBrush"/> dependency property.
            </summary>
        </member>
        <member name="F:MahApps.Metro.SimpleChildWindow.ChildWindow.TitleForegroundProperty">
            <summary>
            Identifies the <see cref="P:MahApps.Metro.SimpleChildWindow.ChildWindow.TitleForeground"/> dependency property.
            </summary>
        </member>
        <member name="F:MahApps.Metro.SimpleChildWindow.ChildWindow.TitleProperty">
            <summary>
            Identifies the <see cref="P:MahApps.Metro.SimpleChildWindow.ChildWindow.Title"/> dependency property.
            </summary>
        </member>
        <member name="F:MahApps.Metro.SimpleChildWindow.ChildWindow.TitleCharacterCasingProperty">
            <summary>
            Identifies the <see cref="P:MahApps.Metro.SimpleChildWindow.ChildWindow.TitleCharacterCasing"/> dependency property.
            </summary>
        </member>
        <member name="F:MahApps.Metro.SimpleChildWindow.ChildWindow.TitleHorizontalAlignmentProperty">
            <summary>
            Identifies the <see cref="P:MahApps.Metro.SimpleChildWindow.ChildWindow.TitleHorizontalAlignment"/> dependency property.
            </summary>
        </member>
        <member name="F:MahApps.Metro.SimpleChildWindow.ChildWindow.TitleVerticalAlignmentProperty">
            <summary>
            Identifies the <see cref="P:MahApps.Metro.SimpleChildWindow.ChildWindow.TitleVerticalAlignment"/> dependency property.
            </summary>
        </member>
        <member name="F:MahApps.Metro.SimpleChildWindow.ChildWindow.TitleTemplateProperty">
            <summary>
            Identifies the <see cref="P:MahApps.Metro.SimpleChildWindow.ChildWindow.TitleTemplate"/> dependency property.
            </summary>
        </member>
        <member name="F:MahApps.Metro.SimpleChildWindow.ChildWindow.TitleFontSizeProperty">
            <summary>
            Identifies the <see cref="P:MahApps.Metro.SimpleChildWindow.ChildWindow.TitleFontSize"/> dependency property.
            </summary>
        </member>
        <member name="F:MahApps.Metro.SimpleChildWindow.ChildWindow.TitleFontFamilyProperty">
            <summary>
            Identifies the <see cref="P:MahApps.Metro.SimpleChildWindow.ChildWindow.TitleFontFamily"/> dependency property.
            </summary>
        </member>
        <member name="F:MahApps.Metro.SimpleChildWindow.ChildWindow.IconProperty">
            <summary>
            Identifies the <see cref="P:MahApps.Metro.SimpleChildWindow.ChildWindow.Icon"/> dependency property.
            </summary>
        </member>
        <member name="F:MahApps.Metro.SimpleChildWindow.ChildWindow.IconTemplateProperty">
            <summary>
            Identifies the <see cref="P:MahApps.Metro.SimpleChildWindow.ChildWindow.IconTemplate"/> dependency property.
            </summary>
        </member>
        <member name="F:MahApps.Metro.SimpleChildWindow.ChildWindow.ShowCloseButtonProperty">
            <summary>
            Identifies the <see cref="P:MahApps.Metro.SimpleChildWindow.ChildWindow.ShowCloseButton"/> dependency property.
            </summary>
        </member>
        <member name="F:MahApps.Metro.SimpleChildWindow.ChildWindow.CloseButtonStyleProperty">
            <summary>
            Identifies the <see cref="P:MahApps.Metro.SimpleChildWindow.ChildWindow.CloseButtonStyle"/> dependency property.
            </summary>
        </member>
        <member name="F:MahApps.Metro.SimpleChildWindow.ChildWindow.CloseButtonCommandProperty">
            <summary>
            Identifies the <see cref="P:MahApps.Metro.SimpleChildWindow.ChildWindow.CloseButtonCommand"/> dependency property.
            </summary>
        </member>
        <member name="F:MahApps.Metro.SimpleChildWindow.ChildWindow.CloseButtonCommandParameterProperty">
            <summary>
            Identifies the <see cref="P:MahApps.Metro.SimpleChildWindow.ChildWindow.CloseButtonCommandParameter"/> dependency property.
            </summary>
        </member>
        <member name="F:MahApps.Metro.SimpleChildWindow.ChildWindow.IsOpenProperty">
            <summary>
            Identifies the <see cref="P:MahApps.Metro.SimpleChildWindow.ChildWindow.IsOpen"/> dependency property.
            </summary>
        </member>
        <member name="F:MahApps.Metro.SimpleChildWindow.ChildWindow.ChildWindowWidthProperty">
            <summary>
            Identifies the <see cref="P:MahApps.Metro.SimpleChildWindow.ChildWindow.ChildWindowWidth"/> dependency property.
            </summary>
        </member>
        <member name="F:MahApps.Metro.SimpleChildWindow.ChildWindow.ChildWindowHeightProperty">
            <summary>
            Identifies the <see cref="P:MahApps.Metro.SimpleChildWindow.ChildWindow.ChildWindowHeight"/> dependency property.
            </summary>
        </member>
        <member name="F:MahApps.Metro.SimpleChildWindow.ChildWindow.ChildWindowImageProperty">
            <summary>
            Identifies the <see cref="P:MahApps.Metro.SimpleChildWindow.ChildWindow.ChildWindowImage"/> dependency property.
            </summary>
        </member>
        <member name="F:MahApps.Metro.SimpleChildWindow.ChildWindow.EnableDropShadowProperty">
            <summary>
            Identifies the <see cref="P:MahApps.Metro.SimpleChildWindow.ChildWindow.EnableDropShadow"/> dependency property.
            </summary>
        </member>
        <member name="F:MahApps.Metro.SimpleChildWindow.ChildWindow.AllowFocusElementProperty">
            <summary>
            Identifies the <see cref="P:MahApps.Metro.SimpleChildWindow.ChildWindow.AllowFocusElement"/> dependency property.
            </summary>
        </member>
        <member name="F:MahApps.Metro.SimpleChildWindow.ChildWindow.FocusedElementProperty">
            <summary>
            Identifies the <see cref="P:MahApps.Metro.SimpleChildWindow.ChildWindow.FocusedElement"/> dependency property.
            </summary>
        </member>
        <member name="F:MahApps.Metro.SimpleChildWindow.ChildWindow.GlowBrushProperty">
            <summary>
            Identifies the <see cref="P:MahApps.Metro.SimpleChildWindow.ChildWindow.GlowBrush"/> dependency property.
            </summary>
        </member>
        <member name="F:MahApps.Metro.SimpleChildWindow.ChildWindow.NonActiveGlowBrushProperty">
            <summary>
            Identifies the <see cref="P:MahApps.Metro.SimpleChildWindow.ChildWindow.NonActiveGlowBrush"/> dependency property.
            </summary>
        </member>
        <member name="F:MahApps.Metro.SimpleChildWindow.ChildWindow.IsAutoCloseEnabledProperty">
            <summary>
            Identifies the <see cref="P:MahApps.Metro.SimpleChildWindow.ChildWindow.IsAutoCloseEnabled"/> dependency property.
            </summary>
        </member>
        <member name="F:MahApps.Metro.SimpleChildWindow.ChildWindow.AutoCloseIntervalProperty">
            <summary>
            Identifies the <see cref="P:MahApps.Metro.SimpleChildWindow.ChildWindow.AutoCloseInterval"/> dependency property.
            </summary>
        </member>
        <member name="F:MahApps.Metro.SimpleChildWindow.ChildWindow.IsWindowHostActiveProperty">
            <summary>
            Identifies the <see cref="P:MahApps.Metro.SimpleChildWindow.ChildWindow.IsWindowHostActive"/> dependency property.
            </summary>
        </member>
        <member name="F:MahApps.Metro.SimpleChildWindow.ChildWindow.IsOpenChangedEvent">
            <summary>
            An event that will be raised when <see cref="P:MahApps.Metro.SimpleChildWindow.ChildWindow.IsOpen"/> dependency property changes.
            </summary>
        </member>
        <member name="E:MahApps.Metro.SimpleChildWindow.ChildWindow.IsOpenChanged">
            <summary>
            An event that will be raised when <see cref="P:MahApps.Metro.SimpleChildWindow.ChildWindow.IsOpen"/> dependency property changes.
            </summary>
        </member>
        <member name="E:MahApps.Metro.SimpleChildWindow.ChildWindow.Closing">
            <summary>
            An event that will be raised when the ChildWindow is closing.
            </summary>
        </member>
        <member name="F:MahApps.Metro.SimpleChildWindow.ChildWindow.ClosingFinishedEvent">
            <summary>
            An event that will be raised when the closing animation has finished.
            </summary>
        </member>
        <member name="E:MahApps.Metro.SimpleChildWindow.ChildWindow.ClosingFinished">
            <summary>
            An event that will be raised when the closing animation has finished.
            </summary>
        </member>
        <member name="P:MahApps.Metro.SimpleChildWindow.ChildWindow.AllowMove">
            <summary>
            Gets or sets a value indicating whether the child window can be moved inside the overlay container.
            </summary>
        </member>
        <member name="P:MahApps.Metro.SimpleChildWindow.ChildWindow.IsModal">
            <summary>
            Gets or sets a value indicating whether the child window is modal.
            </summary>
        </member>
        <member name="P:MahApps.Metro.SimpleChildWindow.ChildWindow.OverlayBrush">
            <summary>
            Gets or sets the overlay brush.
            </summary>
        </member>
        <member name="P:MahApps.Metro.SimpleChildWindow.ChildWindow.CloseOnOverlay">
            <summary>
            Gets or sets a value indicating whether the child window can be closed by clicking the overlay container.
            </summary>
        </member>
        <member name="P:MahApps.Metro.SimpleChildWindow.ChildWindow.CloseByEscape">
            <summary>
            Gets or sets a value indicating whether the child window can be closed by the Escape key.
            </summary>
        </member>
        <member name="P:MahApps.Metro.SimpleChildWindow.ChildWindow.ShowTitleBar">
            <summary>
            Gets or sets whether the title bar is visible or not.
            </summary>
        </member>
        <member name="P:MahApps.Metro.SimpleChildWindow.ChildWindow.TitleBarHeight">
            <summary>
            Gets or sets the height of the title bar.
            </summary>
        </member>
        <member name="P:MahApps.Metro.SimpleChildWindow.ChildWindow.TitleBarBackground">
            <summary>
            Gets or sets the title bar background.
            </summary>
        </member>
        <member name="P:MahApps.Metro.SimpleChildWindow.ChildWindow.TitleBarNonActiveBackground">
            <summary>
            Gets or sets the title bar background for non-active status.
            </summary>
        </member>
        <member name="P:MahApps.Metro.SimpleChildWindow.ChildWindow.NonActiveBorderBrush">
            <summary>
            Gets or sets the border brush for non-active status.
            </summary>
        </member>
        <member name="P:MahApps.Metro.SimpleChildWindow.ChildWindow.TitleForeground">
            <summary>
            Gets or sets the title foreground.
            </summary>
        </member>
        <member name="P:MahApps.Metro.SimpleChildWindow.ChildWindow.Title">
            <summary>
            Gets or sets the title.
            </summary>
        </member>
        <member name="P:MahApps.Metro.SimpleChildWindow.ChildWindow.TitleCharacterCasing">
            <summary>
            Gets or sets the character casing of the title.
            </summary>
        </member>
        <member name="P:MahApps.Metro.SimpleChildWindow.ChildWindow.TitleHorizontalAlignment">
            <summary>
            Gets or sets the title horizontal alignment.
            </summary>
        </member>
        <member name="P:MahApps.Metro.SimpleChildWindow.ChildWindow.TitleVerticalAlignment">
            <summary>
            Gets or sets the title vertical alignment.
            </summary>
        </member>
        <member name="P:MahApps.Metro.SimpleChildWindow.ChildWindow.TitleTemplate">
            <summary>
            Gets or sets the title content template to show a custom title.
            </summary>
        </member>
        <member name="P:MahApps.Metro.SimpleChildWindow.ChildWindow.TitleFontSize">
            <summary> 
            The FontSize property specifies the size of the title.
            </summary>
        </member>
        <member name="P:MahApps.Metro.SimpleChildWindow.ChildWindow.TitleFontFamily">
            <summary> 
            The FontFamily property specifies the font family of the title.
            </summary>
        </member>
        <member name="P:MahApps.Metro.SimpleChildWindow.ChildWindow.Icon">
            <summary>
            Gets or sets a icon for the title bar.
            </summary>
        </member>
        <member name="P:MahApps.Metro.SimpleChildWindow.ChildWindow.IconTemplate">
            <summary>
            Gets or sets a icon content template for the title bar.
            </summary>
        </member>
        <member name="P:MahApps.Metro.SimpleChildWindow.ChildWindow.ShowCloseButton">
            <summary>
            Gets or sets if the close button is visible.
            </summary>
        </member>
        <member name="P:MahApps.Metro.SimpleChildWindow.ChildWindow.CloseButtonStyle">
            <summary>
            Gets or sets the close button style.
            </summary>
        </member>
        <member name="P:MahApps.Metro.SimpleChildWindow.ChildWindow.CloseButtonCommand">
            <summary>
            Gets or sets the command that is executed when the Close Button is clicked.
            </summary>
        </member>
        <member name="P:MahApps.Metro.SimpleChildWindow.ChildWindow.CloseButtonCommandParameter">
            <summary>
            Gets or sets the command parameter that is used by the CloseButtonCommand when the Close Button is clicked.
            </summary>
        </member>
        <member name="P:MahApps.Metro.SimpleChildWindow.ChildWindow.IsOpen">
            <summary>
            Gets or sets a value indicating whether this instance is open or closed.
            </summary>
        </member>
        <member name="P:MahApps.Metro.SimpleChildWindow.ChildWindow.ChildWindowWidth">
            <summary>
            Gets or sets the width of the child window.
            </summary>
        </member>
        <member name="P:MahApps.Metro.SimpleChildWindow.ChildWindow.ChildWindowHeight">
            <summary>
            Gets or sets the height of the child window.
            </summary>
        </member>
        <member name="P:MahApps.Metro.SimpleChildWindow.ChildWindow.ChildWindowImage">
            <summary>
            Gets or sets which image is shown on the left side of the window content.
            </summary>
        </member>
        <member name="P:MahApps.Metro.SimpleChildWindow.ChildWindow.EnableDropShadow">
            <summary>
            Gets or sets a value indicating whether the window has a drop shadow (glow brush).
            </summary>
        </member>
        <member name="P:MahApps.Metro.SimpleChildWindow.ChildWindow.AllowFocusElement">
            <summary>
            Gets or sets a value indicating whether the child window should try focus an element.
            </summary>
        </member>
        <member name="P:MahApps.Metro.SimpleChildWindow.ChildWindow.FocusedElement">
            <summary>
            Gets or sets the focused element.
            </summary>
        </member>
        <member name="P:MahApps.Metro.SimpleChildWindow.ChildWindow.GlowBrush">
            <summary>
            Gets or sets the glow brush (drop shadow).
            </summary>
        </member>
        <member name="P:MahApps.Metro.SimpleChildWindow.ChildWindow.NonActiveGlowBrush">
            <summary>
            Gets or sets the glow brush (drop shadow) for non-active status.
            </summary>
        </member>
        <member name="P:MahApps.Metro.SimpleChildWindow.ChildWindow.IsAutoCloseEnabled">
            <summary>
            Gets or sets a value indicating whether the ChildWindow should auto close after AutoCloseInterval has passed.
            </summary>
        </member>
        <member name="P:MahApps.Metro.SimpleChildWindow.ChildWindow.AutoCloseInterval">
            <summary>
            Gets or sets the time in milliseconds when the ChildWindow should auto close.
            </summary>
        </member>
        <member name="P:MahApps.Metro.SimpleChildWindow.ChildWindow.IsWindowHostActive">
            <summary>
            Gets or sets a value indicating whether the host Window is active or not.
            </summary>
        </member>
        <member name="P:MahApps.Metro.SimpleChildWindow.ChildWindow.ChildWindowResult">
            <summary>
            Gets the child window result when the dialog will be closed.
            </summary>
        </member>
        <member name="P:MahApps.Metro.SimpleChildWindow.ChildWindow.CloseButtonToolTip">
            <summary>
            Gets the close button tool tip.
            </summary>
        </member>
        <member name="M:MahApps.Metro.SimpleChildWindow.ChildWindow.OnApplyTemplate">
            <inheritdoc />
        </member>
        <member name="M:MahApps.Metro.SimpleChildWindow.ChildWindow.OnClosing(System.ComponentModel.CancelEventArgs)">
            <summary>
            This method fires the <see cref="E:MahApps.Metro.SimpleChildWindow.ChildWindow.Closing"/> event.
            </summary>
            <param name="e">The EventArgs for the closing step.</param>
        </member>
        <member name="M:MahApps.Metro.SimpleChildWindow.ChildWindow.Close(System.Object)">
            <summary>
            Closes this instance.
            </summary>
        </member>
        <member name="M:MahApps.Metro.SimpleChildWindow.ChildWindow.OnKeyDown(System.Windows.Input.KeyEventArgs)">
            <inheritdoc />
        </member>
    </members>
</doc>
